1,1500001,Moreton Bay,0105,6922156,540119,0.2,37.437,89.1,7.91,26.71,6,6922156,540119,-27.81353,153.407333
2,1500001,Moreton Bay,0105,6922156,540119,0.2,47.08,90.8,8.05,28.19,15,6922156,540119,-27.81353,153.407333
3,1500001,Moreton Bay,0105,6922156,540119,0.2,48.7,94.8,8.09,24.85,17,6922156,540119,-27.81353,153.407333
4,1500001,Moreton Bay,0105,6922156,540119,0.2,48.525,95.9,8.18,21.92,6,6922156,540119,-27.81353,153.407333
5,1500001,Moreton Bay,0105,6922156,540119,0.2,49.091,96.5,8.1,19.76,3,6922156,540119,-27.81353,153.407333
6,1500001,Moreton Bay,0105,6922156,540119,0.2,51.641,102.3,8.22,16.52,1,6922156,540119,-27.81353,153.407333
7,1500001,Moreton Bay,0105,6922156,540119,0.2,51.413,99.2,8.02,17.04,1,6922156,540119,-27.81353,153.407333
8,1500001,Moreton Bay,0105,6922156,540119,0.2,54.099,94.7,8.04,18.35,3,6922156,540119,-27.81353,153.407333
9,1500001,Moreton Bay,0105,6922156,540119,0.2,51.548,95.2,8.06,20.03,7,6922156,540119,-27.81353,153.407333
10,1500001,Moreton Bay,0105,6922156,540119,0.2,50.369,93.7,7.97,23.26,6,6922156,540119,-27.81353,153.407333
11,1500001,Moreton Bay,0105,6922156,540119,0.2,54.11,95.5,7.97,26.49,4.3,6922156,540119,-27.81353,153.407333
12,1500001,Moreton Bay,0105,6922156,540119,0.2,52.94,92.6,7.98,23.82,6,6922156,540119,-27.81353,153.407333
1,1500001,Moreton Bay,0106,6926765,538189,0.2,41.656,94.7,8.02,26.52,8,6926765,538189,-27.771996,153.38759
2,1500001,Moreton Bay,0106,6926765,538189,0.2,43.555,86,7.98,27.85,117,6926765,538189,-27.771996,153.38759
3,1500001,Moreton Bay,0106,6926765,538189,0.2,46.4,89.5,8.09,24.82,13,6926765,538189,-27.771996,153.38759
4,1500001,Moreton Bay,0106,6926765,538189,0.2,50.801,97.1,8.07,22.02,10,6926765,538189,-27.771996,153.38759
5,1500001,Moreton Bay,0106,6926765,538189,0.2,49.536,97.3,8.05,19.9,4,6926765,538189,-27.771996,153.38759
6,1500001,Moreton Bay,0106,6926765,538189,0.2,51.147,102.6,8.01,16.11,2,6926765,538189,-27.771996,153.38759
7,1500001,Moreton Bay,0106,6926765,538189,0.2,51.781,98,7.86,16.8,2,6926765,538189,-27.771996,153.38759
8,1500001,Moreton Bay,0106,6926765,538189,0.2,54.212,96.1,7.84,17.73,6,6926765,538189,-27.771996,153.38759
9,1500001,Moreton Bay,0106,6926765,538189,0.2,50.884,94.9,8.07,19.56,9,6926765,538189,-27.771996,153.38759
10,1500001,Moreton Bay,0106,6926765,538189,0.2,50.769,92.3,8.04,22.82,8,6926765,538189,-27.771996,153.38759
11,1500001,Moreton Bay,0106,6926765,538189,0.2,54.53,99.6,8.01,26.71,9.9,6926765,538189,-27.771996,153.38759
12,1500001,Moreton Bay,0106,6926765,538189,0.2,53.22,96.1,8.02,23.83,9.5,6926765,538189,-27.771996,153.38759
1,1500001,Moreton Bay,0107,6917453,540561,0.2,49.513,99.7,8.11,26.44,1,6917453,540561,-27.855955,153.411981
2,1500001,Moreton Bay,0107,6917453,540561,0.2,47.973,90.3,8.08,27.92,18,6917453,540561,-27.855955,153.411981
3,1500001,Moreton Bay,0107,6917453,540561,0.2,45.9,83.5,8.03,24.46,6,6917453,540561,-27.855955,153.411981
4,1500001,Moreton Bay,0107,6917453,540561,0.2,49.966,98.1,8.32,22.13,5,6917453,540561,-27.855955,153.411981
5,1500001,Moreton Bay,0107,6917453,540561,0.2,49.356,101.3,8.18,19.9,5,6917453,540561,-27.855955,153.411981
6,1500001,Moreton Bay,0107,6917453,540561,0.2,51.453,102.5,8.24,16.57,2,6917453,540561,-27.855955,153.411981
7,1500001,Moreton Bay,0107,6917453,540561,0.2,51.583,102.1,8.12,17.17,1,6917453,540561,-27.855955,153.411981
8,1500001,Moreton Bay,0107,6917453,540561,0.2,54.122,98.3,8.29,18.24,3,6917453,540561,-27.855955,153.411981
9,1500001,Moreton Bay,0107,6917453,540561,0.2,50.719,97.1,8.08,19.66,5,6917453,540561,-27.855955,153.411981
10,1500001,Moreton Bay,0107,6917453,540561,0.2,51.934,100.9,8.15,22.34,2,6917453,540561,-27.855955,153.411981
11,1500001,Moreton Bay,0107,6917453,540561,0.2,53.91,100,8.03,25.69,3.6,6917453,540561,-27.855955,153.411981
12,1500001,Moreton Bay,0107,6917453,540561,0.2,53.14,96.2,8.1,22.75,2.7,6917453,540561,-27.855955,153.411981
1,1500001,Moreton Bay,0117,6907186,541419,0.2,45.082,96.9,8.1,27.06,4,6907186,541419,-27.948573,153.421054
2,1500001,Moreton Bay,0117,6907186,541419,0.2,48.423,98.1,8.18,28.16,7,6907186,541419,-27.948573,153.421054
3,1500001,Moreton Bay,0117,6907186,541419,0.2,47.6,97.2,8.15,25.04,2,6907186,541419,-27.948573,153.421054
4,1500001,Moreton Bay,0117,6907186,541419,0.2,49.557,100.9,8.36,23.09,3,6907186,541419,-27.948573,153.421054
5,1500001,Moreton Bay,0117,6907186,541419,0.2,47.875,101,8.28,21.06,1,6907186,541419,-27.948573,153.421054
6,1500001,Moreton Bay,0117,6907186,541419,0.2,50.055,103.8,8.3,18.45,0,6907186,541419,-27.948573,153.421054
7,1500001,Moreton Bay,0117,6907186,541419,0.2,50.877,102.6,8.15,18.53,2,6907186,541419,-27.948573,153.421054
8,1500001,Moreton Bay,0117,6907186,541419,0.2,52.927,97.9,8.3,19.23,1,6907186,541419,-27.948573,153.421054
9,1500001,Moreton Bay,0117,6907186,541419,0.2,51.669,100.5,8.15,20.23,1,6907186,541419,-27.948573,153.421054
10,1500001,Moreton Bay,0117,6907186,541419,0.2,51.226,108.9,8.24,21.3,1,6907186,541419,-27.948573,153.421054
11,1500001,Moreton Bay,0117,6907186,541419,0.2,53.41,101.9,8.1,24.38,2.4,6907186,541419,-27.948573,153.421054
12,1500001,Moreton Bay,0117,6907186,541419,0.2,52.19,96.3,8.09,23.32,1.9,6907186,541419,-27.948573,153.421054
1,1500001,Moreton Bay,0118,6908676,541318,0.2,46.892,100.4,8.12,26.95,3,6908676,541318,-27.935131,153.419975
2,1500001,Moreton Bay,0118,6908676,541318,0.2,50.298,100,8.24,28.1,5,6908676,541318,-27.935131,153.419975
3,1500001,Moreton Bay,0118,6908676,541318,0.2,48.4,96.3,8.16,25.19,1,6908676,541318,-27.935131,153.419975
4,1500001,Moreton Bay,0118,6908676,541318,0.2,52.141,103.5,8.41,23.13,2,6908676,541318,-27.935131,153.419975
5,1500001,Moreton Bay,0118,6908676,541318,0.2,49.258,104.1,8.3,21.3,2,6908676,541318,-27.935131,153.419975
6,1500001,Moreton Bay,0118,6908676,541318,0.2,52.437,104.2,8.4,19.62,1,6908676,541318,-27.935131,153.419975
7,1500001,Moreton Bay,0118,6908676,541318,0.2,52.049,104.1,8.2,19.19,1,6908676,541318,-27.935131,153.419975
8,1500001,Moreton Bay,0118,6908676,541318,0.2,53.571,98.2,8.26,19.38,1,6908676,541318,-27.935131,153.419975
9,1500001,Moreton Bay,0118,6908676,541318,0.2,52.613,102.9,8.18,20.36,1,6908676,541318,-27.935131,153.419975
10,1500001,Moreton Bay,0118,6908676,541318,0.2,51.699,112.1,8.24,21.16,2,6908676,541318,-27.935131,153.419975
11,1500001,Moreton Bay,0118,6908676,541318,0.2,53.89,104.1,8.16,22.89,1.3,6908676,541318,-27.935131,153.419975
12,1500001,Moreton Bay,0118,6908676,541318,0.2,52.73,97.9,8.13,22.65,1.4,6908676,541318,-27.935131,153.419975
1,1500001,Moreton Bay,0119,6910734,541115,0.2,48.761,99.9,8.14,26.45,0,6910734,541115,-27.916567,153.417841
2,1500001,Moreton Bay,0119,6910734,541115,0.2,47.114,97.1,8.23,27.76,10,6910734,541115,-27.916567,153.417841
3,1500001,Moreton Bay,0119,6910734,541115,0.2,50.5,94.6,8.19,25.35,0.4,6910734,541115,-27.916567,153.417841
4,1500001,Moreton Bay,0119,6910734,541115,0.2,53.525,102.1,8.43,23.69,0,6910734,541115,-27.916567,153.417841
5,1500001,Moreton Bay,0119,6910734,541115,0.2,52.159,104.7,8.35,22.17,0,6910734,541115,-27.916567,153.417841
6,1500001,Moreton Bay,0119,6910734,541115,0.2,53.227,105.7,8.44,20.3,1,6910734,541115,-27.916567,153.417841
7,1500001,Moreton Bay,0119,6910734,541115,0.2,53.273,106.1,8.27,20.2,0,6910734,541115,-27.916567,153.417841
8,1500001,Moreton Bay,0119,6910734,541115,0.2,54.423,100.8,8.37,19.78,0,6910734,541115,-27.916567,153.417841
9,1500001,Moreton Bay,0119,6910734,541115,0.2,53.339,104.5,8.2,20.14,0,6910734,541115,-27.916567,153.417841
10,1500001,Moreton Bay,0119,6910734,541115,0.2,51.673,114.9,8.24,20.85,1,6910734,541115,-27.916567,153.417841
11,1500001,Moreton Bay,0119,6910734,541115,0.2,54.02,103.5,8.17,21.93,2.1,6910734,541115,-27.916567,153.417841
12,1500001,Moreton Bay,0119,6910734,541115,0.2,53.02,98.2,8.14,22.06,1.2,6910734,541115,-27.916567,153.417841
1,1500001,Moreton Bay,0120,6912781,540971,0.2,49.221,101.4,8.14,26.42,0,6912781,540971,-27.8981,153.416307
2,1500001,Moreton Bay,0120,6912781,540971,0.2,50.229,94.9,8.19,27.67,10,6912781,540971,-27.8981,153.416307
3,1500001,Moreton Bay,0120,6912781,540971,0.2,49.5,96.5,8.17,25.26,2,6912781,540971,-27.8981,153.416307
4,1500001,Moreton Bay,0120,6912781,540971,0.2,53.343,100.7,8.42,23.46,1,6912781,540971,-27.8981,153.416307
5,1500001,Moreton Bay,0120,6912781,540971,0.2,52.086,103.9,8.34,22.08,0,6912781,540971,-27.8981,153.416307
6,1500001,Moreton Bay,0120,6912781,540971,0.2,53.273,104.4,8.44,20.29,0,6912781,540971,-27.8981,153.416307
7,1500001,Moreton Bay,0120,6912781,540971,0.2,53.138,105.4,8.27,20.13,0,6912781,540971,-27.8981,153.416307
8,1500001,Moreton Bay,0120,6912781,540971,0.2,54.429,100.1,8.37,19.77,1,6912781,540971,-27.8981,153.416307
9,1500001,Moreton Bay,0120,6912781,540971,0.2,53.28,105.6,8.21,20.41,0,6912781,540971,-27.8981,153.416307
10,1500001,Moreton Bay,0120,6912781,540971,0.2,50.188,118.5,8.14,20.84,2,6912781,540971,-27.8981,153.416307
11,1500001,Moreton Bay,0120,6912781,540971,0.2,53.99,102.6,8.16,21.7,1.3,6912781,540971,-27.8981,153.416307
12,1500001,Moreton Bay,0120,6912781,540971,0.2,53.3,98.5,8.16,22.15,1.4,6912781,540971,-27.8981,153.416307
1,1500001,Moreton Bay,0121,6914804,540925,0.2,51.671,100.7,8.13,26.46,1,6914804,540925,-27.879847,153.415769
2,1500001,Moreton Bay,0121,6914804,540925,0.2,49.208,93.9,8.13,27.87,17,6914804,540925,-27.879847,153.415769
3,1500001,Moreton Bay,0121,6914804,540925,0.2,46.6,89.7,8.06,24.55,6,6914804,540925,-27.879847,153.415769
4,1500001,Moreton Bay,0121,6914804,540925,0.2,52.67,101.1,8.41,22.95,2,6914804,540925,-27.879847,153.415769
5,1500001,Moreton Bay,0121,6914804,540925,0.2,50.711,102.6,8.26,20.96,3,6914804,540925,-27.879847,153.415769
6,1500001,Moreton Bay,0121,6914804,540925,0.2,52.956,102.9,8.39,19.61,0,6914804,540925,-27.879847,153.415769
7,1500001,Moreton Bay,0121,6914804,540925,0.2,52.342,106.2,8.22,18.65,1,6914804,540925,-27.879847,153.415769
8,1500001,Moreton Bay,0121,6914804,540925,0.2,54.369,100.7,8.34,19.47,0,6914804,540925,-27.879847,153.415769
9,1500001,Moreton Bay,0121,6914804,540925,0.2,52.03,102.1,8.15,20.17,7,6914804,540925,-27.879847,153.415769
10,1500001,Moreton Bay,0121,6914804,540925,0.2,52.398,101.5,8.19,21.81,1,6914804,540925,-27.879847,153.415769
11,1500001,Moreton Bay,0121,6914804,540925,0.2,53.95,103.8,8.15,22.67,1.6,6914804,540925,-27.879847,153.415769
12,1500001,Moreton Bay,0121,6914804,540925,0.2,53.16,98.1,8.14,22.2,2.7,6914804,540925,-27.879847,153.415769
1,1500001,Moreton Bay,0122,6919537,539317,0.2,46,96.3,8.07,26.51,5,6919537,539317,-27.837186,153.399277
2,1500001,Moreton Bay,0122,6919537,539317,0.2,47.179,91.9,8.05,28.31,14,6919537,539317,-27.837186,153.399277
3,1500001,Moreton Bay,0122,6919537,539317,0.2,46.5,93.3,8.05,25.05,5,6919537,539317,-27.837186,153.399277
4,1500001,Moreton Bay,0122,6919537,539317,0.2,49.445,94.5,8.21,22.07,5,6919537,539317,-27.837186,153.399277
5,1500001,Moreton Bay,0122,6919537,539317,0.2,49.072,100.1,8.13,19.79,4,6919537,539317,-27.837186,153.399277
6,1500001,Moreton Bay,0122,6919537,539317,0.2,51.471,101.2,8.21,16.49,1,6919537,539317,-27.837186,153.399277
7,1500001,Moreton Bay,0122,6919537,539317,0.2,51.315,101.5,8.05,17.07,1,6919537,539317,-27.837186,153.399277
8,1500001,Moreton Bay,0122,6919537,539317,0.2,54.11,96.2,8.08,18.24,3,6919537,539317,-27.837186,153.399277
9,1500001,Moreton Bay,0122,6919537,539317,0.2,50.767,98.4,8.08,20.2,4,6919537,539317,-27.837186,153.399277
10,1500001,Moreton Bay,0122,6919537,539317,0.2,50.728,97,8.01,23.2,4,6919537,539317,-27.837186,153.399277
11,1500001,Moreton Bay,0122,6919537,539317,0.2,53.98,96,7.96,26.55,4.1,6919537,539317,-27.837186,153.399277
12,1500001,Moreton Bay,0122,6919537,539317,0.2,53.11,94.5,8.05,23.31,4.8,6919537,539317,-27.837186,153.399277
1,1500001,Moreton Bay,0123,6925215,540627,0.2,36.283,90.5,7.9,26.84,5,6925215,540627,-27.785911,153.412387
2,1500001,Moreton Bay,0123,6925215,540627,0.2,47.743,94.7,8.15,27.79,13,6925215,540627,-27.785911,153.412387
3,1500001,Moreton Bay,0123,6925215,540627,0.2,48.7,93.4,8.09,24.89,8,6925215,540627,-27.785911,153.412387
4,1500001,Moreton Bay,0123,6925215,540627,0.2,49.536,97.5,8.21,22.1,6,6925215,540627,-27.785911,153.412387
5,1500001,Moreton Bay,0123,6925215,540627,0.2,49.799,96.3,8.1,19.98,4,6925215,540627,-27.785911,153.412387
6,1500001,Moreton Bay,0123,6925215,540627,0.2,51.965,102.4,8.07,16.72,1,6925215,540627,-27.785911,153.412387
7,1500001,Moreton Bay,0123,6925215,540627,0.2,51.675,104.5,8.1,17.32,3,6925215,540627,-27.785911,153.412387
8,1500001,Moreton Bay,0123,6925215,540627,0.2,54.267,99.4,8.15,18.65,4,6925215,540627,-27.785911,153.412387
9,1500001,Moreton Bay,0123,6925215,540627,0.2,51.753,97.3,8.09,19.9,8,6925215,540627,-27.785911,153.412387
10,1500001,Moreton Bay,0123,6925215,540627,0.2,50.44,93.4,7.98,23.36,6,6925215,540627,-27.785911,153.412387
11,1500001,Moreton Bay,0123,6925215,540627,0.2,54.57,100.4,8.01,27,7.6,6925215,540627,-27.785911,153.412387
12,1500001,Moreton Bay,0123,6925215,540627,0.2,53.12,94.3,7.99,23.76,7.1,6925215,540627,-27.785911,153.412387
1,1500001,Moreton Bay,0125,6928647,542335,0.2,33.704,89.7,7.97,27.28,41,6928647,542335,-27.754889,153.429602
2,1500001,Moreton Bay,0125,6928647,542335,0.2,44.637,96.7,7.91,28.56,43,6928647,542335,-27.754889,153.429602
3,1500001,Moreton Bay,0125,6928647,542335,0.2,50.185,93.7,8.05,24.77,18,6928647,542335,-27.754889,153.429602
4,1500001,Moreton Bay,0125,6928647,542335,0.2,51.015,98.5,8.26,22.37,7,6928647,542335,-27.754889,153.429602
5,1500001,Moreton Bay,0125,6928647,542335,0.2,47.791,98.2,8.4,20.07,8,6928647,542335,-27.754889,153.429602
7,1500001,Moreton Bay,0125,6928647,542335,0.2,53.066,101.7,8.39,16.19,5,6928647,542335,-27.754889,153.429602
8,1500001,Moreton Bay,0125,6928647,542335,0.2,54.367,104.5,8.16,18.19,12,6928647,542335,-27.754889,153.429602
9,1500001,Moreton Bay,0125,6928647,542335,0.2,50.82,112.6,8.35,20.31,4,6928647,542335,-27.754889,153.429602
10,1500001,Moreton Bay,0125,6928647,542335,0.2,51.156,105.5,8.4,22.2,8,6928647,542335,-27.754889,153.429602
11,1500001,Moreton Bay,0125,6928647,542335,0.2,53.257,96.7,8,26.8,41,6928647,542335,-27.754889,153.429602
12,1500001,Moreton Bay,0125,6928647,542335,0.2,53.99,95.5,8.1,21.12,6.4,6928647,542335,-27.754889,153.429602
1,1500001,Moreton Bay,0300,6932157,535544,0.2,22.625,84.9,7.79,26.41,131,6932157,535544,-27.723412,153.360586
2,1500001,Moreton Bay,0300,6932157,535544,0.2,43.112,95.9,7.93,27.89,44,6932157,535544,-27.723412,153.360586
3,1500001,Moreton Bay,0300,6932157,535544,0.2,40.913,112.4,8.12,24.28,11,6932157,535544,-27.723412,153.360586
4,1500001,Moreton Bay,0300,6932157,535544,0.2,49.602,96.2,8.18,22.2,16,6932157,535544,-27.723412,153.360586
5,1500001,Moreton Bay,0300,6932157,535544,0.2,44.91,96.5,7.91,19.12,8,6932157,535544,-27.723412,153.360586
6,1500001,Moreton Bay,0300,6932157,535544,0.2,50.43,102,8.11,15.8,5,6932157,535544,-27.723412,153.360586
7,1500001,Moreton Bay,0300,6932157,535544,0.2,52.421,100.3,8.23,15.21,5,6932157,535544,-27.723412,153.360586
8,1500001,Moreton Bay,0300,6932157,535544,0.2,53.891,104,8.17,17.89,7,6932157,535544,-27.723412,153.360586
9,1500001,Moreton Bay,0300,6932157,535544,0.2,50.289,106.2,8.22,19.02,5,6932157,535544,-27.723412,153.360586
10,1500001,Moreton Bay,0300,6932157,535544,0.2,46.562,96.3,8.23,23.09,8,6932157,535544,-27.723412,153.360586
11,1500001,Moreton Bay,0300,6932157,535544,0.2,53.735,100.8,8.07,26.83,32,6932157,535544,-27.723412,153.360586
12,1500001,Moreton Bay,0300,6932157,535544,0.2,54.01,94.8,8.07,21.37,5,6932157,535544,-27.723412,153.360586
1,1500001,Moreton Bay,0301,6931484,543005,0.2,34.608,89.8,8.03,27.13,62,6931484,543005,-27.729267,153.436299
2,1500001,Moreton Bay,0301,6931484,543005,0.2,45.101,98.6,7.96,28.43,49,6931484,543005,-27.729267,153.436299
3,1500001,Moreton Bay,0301,6931484,543005,0.2,46.899,99.3,8.11,24.78,11,6931484,543005,-27.729267,153.436299
4,1500001,Moreton Bay,0301,6931484,543005,0.2,52.469,100.4,8.42,23.06,3,6931484,543005,-27.729267,153.436299
5,1500001,Moreton Bay,0301,6931484,543005,0.2,47.247,99.4,8.4,20.34,10,6931484,543005,-27.729267,153.436299
7,1500001,Moreton Bay,0301,6931484,543005,0.2,53.117,100.8,8.39,16.76,4,6931484,543005,-27.729267,153.436299
8,1500001,Moreton Bay,0301,6931484,543005,0.2,53.93,107.9,8.22,18.31,20,6931484,543005,-27.729267,153.436299
9,1500001,Moreton Bay,0301,6931484,543005,0.2,50.822,109.1,8.36,20.05,5,6931484,543005,-27.729267,153.436299
10,1500001,Moreton Bay,0301,6931484,543005,0.2,52.355,106.1,8.44,22.15,4,6931484,543005,-27.729267,153.436299
11,1500001,Moreton Bay,0301,6931484,543005,0.2,53.222,103.7,8.02,26.27,18,6931484,543005,-27.729267,153.436299
12,1500001,Moreton Bay,0301,6931484,543005,0.2,53.96,97.3,8.16,21.88,5.3,6931484,543005,-27.729267,153.436299
1,1500001,Moreton Bay,0308,6944867,531749,0.2,43.44,103.1,8.24,26.91,19,6944867,531749,-27.608812,153.321751
2,1500001,Moreton Bay,0308,6944867,531749,0.2,44.523,93.9,8.05,26.85,23,6944867,531749,-27.608812,153.321751
3,1500001,Moreton Bay,0308,6944867,531749,0.2,47.927,93,8.1,27.65,17,6944867,531749,-27.608812,153.321751
4,1500001,Moreton Bay,0308,6944867,531749,0.2,48.787,98.4,8.15,22.83,10,6944867,531749,-27.608812,153.321751
5,1500001,Moreton Bay,0308,6944867,531749,0.2,50.767,98.2,8.28,18.9,6,6944867,531749,-27.608812,153.321751
6,1500001,Moreton Bay,0308,6944867,531749,0.2,51.39,88.6,8.28,16.6,4,6944867,531749,-27.608812,153.321751
7,1500001,Moreton Bay,0308,6944867,531749,0.2,52.719,103.6,8.25,15.26,2,6944867,531749,-27.608812,153.321751
8,1500001,Moreton Bay,0308,6944867,531749,0.2,53.851,100.3,8.34,16.97,3,6944867,531749,-27.608812,153.321751
9,1500001,Moreton Bay,0308,6944867,531749,0.2,54.388,98.7,8.29,18.26,3,6944867,531749,-27.608812,153.321751
10,1500001,Moreton Bay,0308,6944867,531749,0.2,54.28,102.7,8.14,22.09,6.3,6944867,531749,-27.608812,153.321751
11,1500001,Moreton Bay,0308,6944867,531749,0.2,54.68,101.2,8.14,25.59,6.3,6944867,531749,-27.608812,153.321751
12,1500001,Moreton Bay,0308,6944867,531749,0.2,53.053,111.2,8.32,21.2,7,6944867,531749,-27.608812,153.321751
1,1500001,Moreton Bay,0310,6951004,535790,0.2,44.69,106.7,8.26,26.85,8,6951004,535790,-27.55333,153.36252
2,1500001,Moreton Bay,0310,6951004,535790,0.2,45.177,94.7,8.11,26.83,13,6951004,535790,-27.55333,153.36252
3,1500001,Moreton Bay,0310,6951004,535790,0.2,48.55,97.5,8.18,27.49,4,6951004,535790,-27.55333,153.36252
4,1500001,Moreton Bay,0310,6951004,535790,0.2,50.84,99.1,8.26,23.33,3,6951004,535790,-27.55333,153.36252
5,1500001,Moreton Bay,0310,6951004,535790,0.2,43.706,97.1,8.31,19.16,2,6951004,535790,-27.55333,153.36252
6,1500001,Moreton Bay,0310,6951004,535790,0.2,51.59,89.8,8.33,17,3,6951004,535790,-27.55333,153.36252
7,1500001,Moreton Bay,0310,6951004,535790,0.2,52.656,104.5,8.43,15.48,0,6951004,535790,-27.55333,153.36252
8,1500001,Moreton Bay,0310,6951004,535790,0.2,53.81,98.2,8.33,17.29,2,6951004,535790,-27.55333,153.36252
9,1500001,Moreton Bay,0310,6951004,535790,0.2,54.481,98,8.29,18.43,1,6951004,535790,-27.55333,153.36252
10,1500001,Moreton Bay,0310,6951004,535790,0.2,54.22,101.4,8.13,21.83,4.5,6951004,535790,-27.55333,153.36252
11,1500001,Moreton Bay,0310,6951004,535790,0.2,54.6,100,8.14,25.12,4,6951004,535790,-27.55333,153.36252
12,1500001,Moreton Bay,0310,6951004,535790,0.2,53.927,113.4,8.35,21.77,4,6951004,535790,-27.55333,153.36252
1,1500001,Moreton Bay,0311,6953066,539604,0.2,44.942,104.7,8.26,26.84,4,6953066,539604,-27.534617,153.401085
2,1500001,Moreton Bay,0311,6953066,539604,0.2,45.697,101.8,8.17,27.19,1,6953066,539604,-27.534617,153.401085
3,1500001,Moreton Bay,0311,6953066,539604,0.2,47.471,101.2,8.22,27.22,1,6953066,539604,-27.534617,153.401085
4,1500001,Moreton Bay,0311,6953066,539604,0.2,51.439,98.6,8.31,23.34,2,6953066,539604,-27.534617,153.401085
5,1500001,Moreton Bay,0311,6953066,539604,0.2,51.656,97.8,8.32,19.54,1,6953066,539604,-27.534617,153.401085
6,1500001,Moreton Bay,0311,6953066,539604,0.2,51.73,95.7,8.25,17.42,3,6953066,539604,-27.534617,153.401085
7,1500001,Moreton Bay,0311,6953066,539604,0.2,52.592,101.5,8.28,15.63,0,6953066,539604,-27.534617,153.401085
8,1500001,Moreton Bay,0311,6953066,539604,0.2,53.879,102.1,8.35,17.57,1,6953066,539604,-27.534617,153.401085
9,1500001,Moreton Bay,0311,6953066,539604,0.2,54.579,99.5,8.35,18.26,1,6953066,539604,-27.534617,153.401085
10,1500001,Moreton Bay,0311,6953066,539604,0.2,54.18,99.5,8.11,21.49,4.1,6953066,539604,-27.534617,153.401085
11,1500001,Moreton Bay,0311,6953066,539604,0.2,54.57,100.8,8.15,24.79,2.3,6953066,539604,-27.534617,153.401085
12,1500001,Moreton Bay,0311,6953066,539604,0.2,53.889,102.6,8.37,22.06,2,6953066,539604,-27.534617,153.401085
1,1500001,Moreton Bay,0314,6944305,539790,0.2,43.298,106.4,8.24,26.48,16,6944305,539790,-27.613671,153.403257
2,1500001,Moreton Bay,0314,6944305,539790,0.2,44.727,95.6,8.06,27.13,12,6944305,539790,-27.613671,153.403257
3,1500001,Moreton Bay,0314,6944305,539790,0.2,48.398,94.9,8.14,27.58,9,6944305,539790,-27.613671,153.403257
4,1500001,Moreton Bay,0314,6944305,539790,0.2,48.405,96.7,8.19,22.79,5,6944305,539790,-27.613671,153.403257
5,1500001,Moreton Bay,0314,6944305,539790,0.2,50.382,100.4,8.28,19.39,6,6944305,539790,-27.613671,153.403257
6,1500001,Moreton Bay,0314,6944305,539790,0.2,51.04,89.5,8.27,17.04,4,6944305,539790,-27.613671,153.403257
7,1500001,Moreton Bay,0314,6944305,539790,0.2,52.561,104.8,8.24,15.43,0,6944305,539790,-27.613671,153.403257
8,1500001,Moreton Bay,0314,6944305,539790,0.2,53.806,102,8.35,17.57,4,6944305,539790,-27.613671,153.403257
9,1500001,Moreton Bay,0314,6944305,539790,0.2,54.373,99.1,8.41,18.19,2,6944305,539790,-27.613671,153.403257
10,1500001,Moreton Bay,0314,6944305,539790,0.2,54.19,104.5,8.15,22.26,5.5,6944305,539790,-27.613671,153.403257
11,1500001,Moreton Bay,0314,6944305,539790,0.2,54.7,102.4,8.17,25.46,4.3,6944305,539790,-27.613671,153.403257
12,1500001,Moreton Bay,0314,6944305,539790,0.2,53.423,107.4,8.31,21.37,4,6944305,539790,-27.613671,153.403257
1,1500001,Moreton Bay,0316,6942374,534863,0.2,31.31,94.9,8.08,27.35,45,6942374,534863,-27.631232,153.35338
2,1500001,Moreton Bay,0316,6942374,534863,0.2,46.428,96.9,8.03,27.88,23,6942374,534863,-27.631232,153.35338
3,1500001,Moreton Bay,0316,6942374,534863,0.2,44.402,102.4,8.13,24.95,13,6942374,534863,-27.631232,153.35338
4,1500001,Moreton Bay,0316,6942374,534863,0.2,45.254,97.6,8.12,22.09,15,6942374,534863,-27.631232,153.35338
5,1500001,Moreton Bay,0316,6942374,534863,0.2,47.509,99.6,8.41,19.34,2,6942374,534863,-27.631232,153.35338
6,1500001,Moreton Bay,0316,6942374,534863,0.2,51.521,104.9,8.3,16.54,4,6942374,534863,-27.631232,153.35338
7,1500001,Moreton Bay,0316,6942374,534863,0.2,52.602,102.8,8.34,15.49,5,6942374,534863,-27.631232,153.35338
8,1500001,Moreton Bay,0316,6942374,534863,0.2,54.277,112.1,8.3,18.18,3,6942374,534863,-27.631232,153.35338
9,1500001,Moreton Bay,0316,6942374,534863,0.2,52.128,112.4,8.37,19.68,4,6942374,534863,-27.631232,153.35338
10,1500001,Moreton Bay,0316,6942374,534863,0.2,48.355,98,8.34,22.98,13,6942374,534863,-27.631232,153.35338
11,1500001,Moreton Bay,0316,6942374,534863,0.2,53.638,99.6,8.07,25.98,6,6942374,534863,-27.631232,153.35338
12,1500001,Moreton Bay,0316,6942374,534863,0.2,53.35,95.3,8.09,21.41,5.9,6942374,534863,-27.631232,153.35338
1,1500001,Moreton Bay,0318,6936855,539491,0.2,34.53,102,8.15,27.79,14,6936855,539491,-27.680908,153.400472
2,1500001,Moreton Bay,0318,6936855,539491,0.2,46.402,99.4,7.99,28.29,9,6936855,539491,-27.680908,153.400472
3,1500001,Moreton Bay,0318,6936855,539491,0.2,48.287,95.4,8.07,25.13,7,6936855,539491,-27.680908,153.400472
4,1500001,Moreton Bay,0318,6936855,539491,0.2,46.151,97.6,8.22,22.18,12,6936855,539491,-27.680908,153.400472
5,1500001,Moreton Bay,0318,6936855,539491,0.2,46.361,102.5,8.31,19.68,3,6936855,539491,-27.680908,153.400472
6,1500001,Moreton Bay,0318,6936855,539491,0.2,51.224,104.1,8.28,16.86,9,6936855,539491,-27.680908,153.400472
7,1500001,Moreton Bay,0318,6936855,539491,0.2,52.545,102.5,8.43,15.47,3,6936855,539491,-27.680908,153.400472
8,1500001,Moreton Bay,0318,6936855,539491,0.2,54.223,107,8.27,18.26,4,6936855,539491,-27.680908,153.400472
9,1500001,Moreton Bay,0318,6936855,539491,0.2,51.964,107.5,8.35,19.74,5,6936855,539491,-27.680908,153.400472
10,1500001,Moreton Bay,0318,6936855,539491,0.2,47.534,103.1,8.34,23.17,7,6936855,539491,-27.680908,153.400472
11,1500001,Moreton Bay,0318,6936855,539491,0.2,53.567,101,8.09,26.9,16,6936855,539491,-27.680908,153.400472
12,1500001,Moreton Bay,0318,6936855,539491,0.2,54.1,96.3,8.15,21.47,3.1,6936855,539491,-27.680908,153.400472
1,1500001,Moreton Bay,0320,6935987,535565,0.2,25.538,87.6,7.91,26.51,109,6935987,535565,-27.68885,153.360685
2,1500001,Moreton Bay,0320,6935987,535565,0.2,45.763,96.6,7.99,27.79,14,6935987,535565,-27.68885,153.360685
3,1500001,Moreton Bay,0320,6935987,535565,0.2,41.781,106.4,8.13,24.63,15,6935987,535565,-27.68885,153.360685
4,1500001,Moreton Bay,0320,6935987,535565,0.2,45.686,95.2,8.12,22.05,21,6935987,535565,-27.68885,153.360685
5,1500001,Moreton Bay,0320,6935987,535565,0.2,42.326,99.8,7.99,19.38,6,6935987,535565,-27.68885,153.360685
6,1500001,Moreton Bay,0320,6935987,535565,0.2,50.843,103.6,8.19,16.1,5,6935987,535565,-27.68885,153.360685
7,1500001,Moreton Bay,0320,6935987,535565,0.2,51.488,101,8.33,15.11,6,6935987,535565,-27.68885,153.360685
8,1500001,Moreton Bay,0320,6935987,535565,0.2,54.044,104.2,8.22,17.9,7,6935987,535565,-27.68885,153.360685
9,1500001,Moreton Bay,0320,6935987,535565,0.2,50.946,106.2,8.25,19.16,7,6935987,535565,-27.68885,153.360685
10,1500001,Moreton Bay,0320,6935987,535565,0.2,45.775,96.8,8.24,22.94,8,6935987,535565,-27.68885,153.360685
11,1500001,Moreton Bay,0320,6935987,535565,0.2,53.649,102.2,8.09,26.7,13,6935987,535565,-27.68885,153.360685
12,1500001,Moreton Bay,0320,6935987,535565,0.2,53.46,94.4,8.07,21.1,6.2,6935987,535565,-27.68885,153.360685
1,1500001,Moreton Bay,0401,6963968,519739,0.2,37.779,103.9,8.2,27.5,17,6963968,519739,-27.436668,153.199728
2,1500001,Moreton Bay,0401,6963968,519739,0.2,45.562,92.8,8.17,27.49,11,6963968,519739,-27.436668,153.199728
3,1500001,Moreton Bay,0401,6963968,519739,0.2,46.324,99.8,8.19,24.78,30,6963968,519739,-27.436668,153.199728
4,1500001,Moreton Bay,0401,6963968,519739,0.2,49.941,100.3,8.41,22.96,11,6963968,519739,-27.436668,153.199728
5,1500001,Moreton Bay,0401,6963968,519739,0.2,51.4,99.8,8.17,18.72,0.9,6963968,519739,-27.436668,153.199728
6,1500001,Moreton Bay,0401,6963968,519739,0.2,51.1,114.4,8.4,16.7,1,6963968,519739,-27.436668,153.199728
7,1500001,Moreton Bay,0401,6963968,519739,0.2,52.496,103.8,7.99,15.07,0,6963968,519739,-27.436668,153.199728
8,1500001,Moreton Bay,0401,6963968,519739,0.2,53.785,101.7,8.34,16.65,2,6963968,519739,-27.436668,153.199728
9,1500001,Moreton Bay,0401,6963968,519739,0.2,53.129,103.6,8.22,19.14,0,6963968,519739,-27.436668,153.199728
10,1500001,Moreton Bay,0401,6963968,519739,0.2,53.76,100.7,8.18,23.01,4,6963968,519739,-27.436668,153.199728
11,1500001,Moreton Bay,0401,6963968,519739,0.2,53.756,88.6,8.16,25.53,9,6963968,519739,-27.436668,153.199728
12,1500001,Moreton Bay,0401,6963968,519739,0.2,53.942,99,8.11,24.35,6,6963968,519739,-27.436668,153.199728
1,1500001,Moreton Bay,0406,6964161,522901,0.2,38.58,115.3,8.34,27.89,5,6964161,522901,-27.434877,153.231719
2,1500001,Moreton Bay,0406,6964161,522901,0.2,46.261,90.8,8.16,27.22,9,6964161,522901,-27.434877,153.231719
3,1500001,Moreton Bay,0406,6964161,522901,0.2,47.241,100.9,8.21,24.91,10,6964161,522901,-27.434877,153.231719
4,1500001,Moreton Bay,0406,6964161,522901,0.2,50.38,105.5,8.38,23.18,2,6964161,522901,-27.434877,153.231719
5,1500001,Moreton Bay,0406,6964161,522901,0.2,51.5,101.2,8.19,18.93,1.2,6964161,522901,-27.434877,153.231719
6,1500001,Moreton Bay,0406,6964161,522901,0.2,51.274,116.3,8.34,16.43,1,6964161,522901,-27.434877,153.231719
7,1500001,Moreton Bay,0406,6964161,522901,0.2,52.622,101.6,8,14.85,1,6964161,522901,-27.434877,153.231719
8,1500001,Moreton Bay,0406,6964161,522901,0.2,53.828,98.9,8.3,16.71,2,6964161,522901,-27.434877,153.231719
9,1500001,Moreton Bay,0406,6964161,522901,0.2,53.289,98.9,8.31,19.09,0,6964161,522901,-27.434877,153.231719
10,1500001,Moreton Bay,0406,6964161,522901,0.2,53.684,102.4,8.21,22.52,3,6964161,522901,-27.434877,153.231719
11,1500001,Moreton Bay,0406,6964161,522901,0.2,53.934,61.2,8.13,25.62,6,6964161,522901,-27.434877,153.231719
12,1500001,Moreton Bay,0406,6964161,522901,0.2,53.897,96.1,8.08,24.79,1.7,6964161,522901,-27.434877,153.231719
1,1500001,Moreton Bay,0408,6971004,521359,0.2,37.389,119.3,8.4,27.42,16,6971004,521359,-27.373148,153.215996
2,1500001,Moreton Bay,0408,6971004,521359,0.2,46.009,95.2,8.2,27.63,12,6971004,521359,-27.373148,153.215996
3,1500001,Moreton Bay,0408,6971004,521359,0.2,47.283,102.6,8.24,24.97,30,6971004,521359,-27.373148,153.215996
4,1500001,Moreton Bay,0408,6971004,521359,0.2,50.176,103.5,8.39,22.9,7,6971004,521359,-27.373148,153.215996
5,1500001,Moreton Bay,0408,6971004,521359,0.2,51.3,100.5,8.19,18.8,1.3,6971004,521359,-27.373148,153.215996
6,1500001,Moreton Bay,0408,6971004,521359,0.2,50.399,118.4,8.35,16.42,1,6971004,521359,-27.373148,153.215996
7,1500001,Moreton Bay,0408,6971004,521359,0.2,51.771,105.3,8.03,15.27,1,6971004,521359,-27.373148,153.215996
8,1500001,Moreton Bay,0408,6971004,521359,0.2,53.503,101.4,8.33,16.61,2,6971004,521359,-27.373148,153.215996
9,1500001,Moreton Bay,0408,6971004,521359,0.2,52.862,99.8,8.35,19.49,0,6971004,521359,-27.373148,153.215996
10,1500001,Moreton Bay,0408,6971004,521359,0.2,53.481,104.7,8.26,22.39,3,6971004,521359,-27.373148,153.215996
11,1500001,Moreton Bay,0408,6971004,521359,0.2,53.173,95.3,8.19,25.7,8,6971004,521359,-27.373148,153.215996
12,1500001,Moreton Bay,0408,6971004,521359,0.2,53.749,98.1,8.09,24.69,7.8,6971004,521359,-27.373148,153.215996
1,1500001,Moreton Bay,0409,6967821,518873,0.2,32.742,113.9,8.29,28.21,162,6967821,518873,-27.40191,153.190906
2,1500001,Moreton Bay,0409,6967821,518873,0.2,45.49,89.3,8.14,27.56,32,6967821,518873,-27.40191,153.190906
3,1500001,Moreton Bay,0409,6967821,518873,0.2,45.438,100,8.13,24.29,41,6967821,518873,-27.40191,153.190906
4,1500001,Moreton Bay,0409,6967821,518873,0.2,49.46,104.8,8.36,22.91,22,6967821,518873,-27.40191,153.190906
5,1500001,Moreton Bay,0409,6967821,518873,0.2,51.4,105,8.16,19.05,1.8,6967821,518873,-27.40191,153.190906
6,1500001,Moreton Bay,0409,6967821,518873,0.2,50.401,118,8.39,16.94,7,6967821,518873,-27.40191,153.190906
7,1500001,Moreton Bay,0409,6967821,518873,0.2,52.356,104.1,8.04,14.89,2,6967821,518873,-27.40191,153.190906
8,1500001,Moreton Bay,0409,6967821,518873,0.2,53.352,103.7,8.35,15.86,8,6967821,518873,-27.40191,153.190906
9,1500001,Moreton Bay,0409,6967821,518873,0.2,53.278,106.3,8.3,19.83,2,6967821,518873,-27.40191,153.190906
10,1500001,Moreton Bay,0409,6967821,518873,0.2,53.833,110.2,8.3,24.03,6,6967821,518873,-27.40191,153.190906
11,1500001,Moreton Bay,0409,6967821,518873,0.2,52.171,98.3,8.24,25.17,7,6967821,518873,-27.40191,153.190906
12,1500001,Moreton Bay,0409,6967821,518873,0.2,52.485,96.8,8.16,23.54,19.7,6967821,518873,-27.40191,153.190906
1,1500001,Moreton Bay,0501,6954598,532811,0.2,43.875,100,8.22,26.76,9,6954598,532811,-27.520973,153.332249
2,1500001,Moreton Bay,0501,6954598,532811,0.2,44.96,94.7,8.1,26.98,4,6954598,532811,-27.520973,153.332249
3,1500001,Moreton Bay,0501,6954598,532811,0.2,47.311,96,8.19,27.33,5,6954598,532811,-27.520973,153.332249
4,1500001,Moreton Bay,0501,6954598,532811,0.2,50.795,96.8,8.15,23.32,3,6954598,532811,-27.520973,153.332249
5,1500001,Moreton Bay,0501,6954598,532811,0.2,43.809,98.1,8.26,19.39,1,6954598,532811,-27.520973,153.332249
7,1500001,Moreton Bay,0501,6954598,532811,0.2,52.577,101.6,7.98,15.46,0,6954598,532811,-27.520973,153.332249
8,1500001,Moreton Bay,0501,6954598,532811,0.2,53.828,96.4,8.22,17.25,1,6954598,532811,-27.520973,153.332249
9,1500001,Moreton Bay,0501,6954598,532811,0.2,54.479,99.2,8.25,18.6,1,6954598,532811,-27.520973,153.332249
10,1500001,Moreton Bay,0501,6954598,532811,0.2,54.25,99.5,8.09,21.37,4.5,6954598,532811,-27.520973,153.332249
11,1500001,Moreton Bay,0501,6954598,532811,0.2,54.54,98.4,8.11,24.85,3.3,6954598,532811,-27.520973,153.332249
12,1500001,Moreton Bay,0501,6954598,532811,0.2,54.209,96.6,8.31,22.5,4,6954598,532811,-27.520973,153.332249
1,1500001,Moreton Bay,0506,6968995,533273,0.2,41.425,116.7,8.23,27.28,1,6968995,533273,-27.39104,153.336532
2,1500001,Moreton Bay,0506,6968995,533273,0.2,45.579,149.3,8.35,26.69,1,6968995,533273,-27.39104,153.336532
3,1500001,Moreton Bay,0506,6968995,533273,0.2,45.211,110.7,8.21,28.24,1,6968995,533273,-27.39104,153.336532
4,1500001,Moreton Bay,0506,6968995,533273,0.2,49.667,111.2,8.28,22.61,0,6968995,533273,-27.39104,153.336532
5,1500001,Moreton Bay,0506,6968995,533273,0.2,48.851,105.3,8.33,19.82,1,6968995,533273,-27.39104,153.336532
6,1500001,Moreton Bay,0506,6968995,533273,0.2,51.617,101.5,8.29,17.16,1,6968995,533273,-27.39104,153.336532
7,1500001,Moreton Bay,0506,6968995,533273,0.2,52.905,106.5,8.37,16.57,0,6968995,533273,-27.39104,153.336532
8,1500001,Moreton Bay,0506,6968995,533273,0.2,53.717,102.7,8.4,17.42,0,6968995,533273,-27.39104,153.336532
9,1500001,Moreton Bay,0506,6968995,533273,0.2,52.233,101.9,8.41,18.38,0,6968995,533273,-27.39104,153.336532
10,1500001,Moreton Bay,0506,6968995,533273,0.2,53.276,110.6,8.18,20.99,1,6968995,533273,-27.39104,153.336532
11,1500001,Moreton Bay,0506,6968995,533273,0.2,52.823,106.7,8.18,24.39,1,6968995,533273,-27.39104,153.336532
12,1500001,Moreton Bay,0506,6968995,533273,0.2,52.987,104.4,8.16,22.98,0.4,6968995,533273,-27.39104,153.336532
1,1500001,Moreton Bay,0517,6970483,525147,0.2,38.412,128.4,8.31,28.05,1,6970483,525147,-27.377785,153.254314
2,1500001,Moreton Bay,0517,6970483,525147,0.2,45.047,150.5,8.4,26.78,3,6970483,525147,-27.377785,153.254314
3,1500001,Moreton Bay,0517,6970483,525147,0.2,43.419,95.8,8.12,27.94,6,6970483,525147,-27.377785,153.254314
4,1500001,Moreton Bay,0517,6970483,525147,0.2,49.176,106.4,8.24,22.68,4,6970483,525147,-27.377785,153.254314
5,1500001,Moreton Bay,0517,6970483,525147,0.2,48.197,97.3,8.14,18.97,0,6970483,525147,-27.377785,153.254314
6,1500001,Moreton Bay,0517,6970483,525147,0.2,51.193,99.7,8.34,16.14,1,6970483,525147,-27.377785,153.254314
7,1500001,Moreton Bay,0517,6970483,525147,0.2,52.497,104.5,8.27,15.51,0,6970483,525147,-27.377785,153.254314
8,1500001,Moreton Bay,0517,6970483,525147,0.2,53.455,103.9,8.38,17.55,0,6970483,525147,-27.377785,153.254314
9,1500001,Moreton Bay,0517,6970483,525147,0.2,52.052,99.1,8.39,18.18,5,6970483,525147,-27.377785,153.254314
10,1500001,Moreton Bay,0517,6970483,525147,0.2,53.234,108.6,8.12,21.21,2,6970483,525147,-27.377785,153.254314
11,1500001,Moreton Bay,0517,6970483,525147,0.2,52.627,102.4,8.15,24.91,4,6970483,525147,-27.377785,153.254314
12,1500001,Moreton Bay,0517,6970483,525147,0.2,53.585,101.4,8.13,23.23,1.5,6970483,525147,-27.377785,153.254314
1,1500001,Moreton Bay,0518,6964237,526471,0.2,38.477,122.8,8.29,27.76,2,6964237,526471,-27.434127,153.267839
2,1500001,Moreton Bay,0518,6964237,526471,0.2,45.635,150.8,8.4,26.62,1,6964237,526471,-27.434127,153.267839
3,1500001,Moreton Bay,0518,6964237,526471,0.2,44.844,96.9,8.13,27.86,2,6964237,526471,-27.434127,153.267839
4,1500001,Moreton Bay,0518,6964237,526471,0.2,49.434,104.6,8.22,22.79,7,6964237,526471,-27.434127,153.267839
5,1500001,Moreton Bay,0518,6964237,526471,0.2,48.643,97.8,8.22,19.26,1,6964237,526471,-27.434127,153.267839
6,1500001,Moreton Bay,0518,6964237,526471,0.2,51.858,99.1,8.28,16.56,1,6964237,526471,-27.434127,153.267839
7,1500001,Moreton Bay,0518,6964237,526471,0.2,52.828,103.2,8.11,15.85,0,6964237,526471,-27.434127,153.267839
8,1500001,Moreton Bay,0518,6964237,526471,0.2,53.579,105.2,8.43,17.61,0,6964237,526471,-27.434127,153.267839
9,1500001,Moreton Bay,0518,6964237,526471,0.2,52.088,99.5,8.39,18.59,1,6964237,526471,-27.434127,153.267839
10,1500001,Moreton Bay,0518,6964237,526471,0.2,53.255,110.8,8.1,20.91,1,6964237,526471,-27.434127,153.267839
11,1500001,Moreton Bay,0518,6964237,526471,0.2,52.811,103,8.13,24.45,3,6964237,526471,-27.434127,153.267839
12,1500001,Moreton Bay,0518,6964237,526471,0.2,53.724,99.9,8.12,22.94,1.5,6964237,526471,-27.434127,153.267839
1,1500001,Moreton Bay,0525,6999966,527363,0.2,42.419,115.1,8.23,26.61,5,6999966,527363,-27.111672,153.276067
2,1500001,Moreton Bay,0525,6999966,527363,0.2,45.8,98.5,8.23,26.6,1,6999966,527363,-27.111672,153.276067
3,1500001,Moreton Bay,0525,6999966,527363,0.2,49.45,96.4,8.23,26.87,0,6999966,527363,-27.111672,153.276067
4,1500001,Moreton Bay,0525,6999966,527363,0.2,50.297,101.1,8.27,23.21,2,6999966,527363,-27.111672,153.276067
5,1500001,Moreton Bay,0525,6999966,527363,0.2,50.86,95.4,8.23,19.54,9,6999966,527363,-27.111672,153.276067
6,1500001,Moreton Bay,0525,6999966,527363,0.2,51.795,99.8,8.3,17.34,0,6999966,527363,-27.111672,153.276067
7,1500001,Moreton Bay,0525,6999966,527363,0.2,52.754,100.8,8.27,16.58,2,6999966,527363,-27.111672,153.276067
8,1500001,Moreton Bay,0525,6999966,527363,0.2,52.811,100,8.42,17.52,0,6999966,527363,-27.111672,153.276067
9,1500001,Moreton Bay,0525,6999966,527363,0.2,53.197,99.7,8.19,18.71,0,6999966,527363,-27.111672,153.276067
10,1500001,Moreton Bay,0525,6999966,527363,0.2,52.7,102,8.16,21.02,1,6999966,527363,-27.111672,153.276067
11,1500001,Moreton Bay,0525,6999966,527363,0.2,53.116,104.5,8.12,24.8,1,6999966,527363,-27.111672,153.276067
12,1500001,Moreton Bay,0525,6999966,527363,0.2,53.374,102.7,8.25,23.7,1,6999966,527363,-27.111672,153.276067
1,1500001,Moreton Bay,0527,6990283,523083,0.2,35.749,117.4,8.18,26.74,5,6990283,523083,-27.199136,153.233067
2,1500001,Moreton Bay,0527,6990283,523083,0.2,44.1,102.9,8.2,26.9,1,6990283,523083,-27.199136,153.233067
3,1500001,Moreton Bay,0527,6990283,523083,0.2,40.753,96.9,8.25,26.75,1,6990283,523083,-27.199136,153.233067
4,1500001,Moreton Bay,0527,6990283,523083,0.2,49.85,97.3,8.04,22.91,3,6990283,523083,-27.199136,153.233067
5,1500001,Moreton Bay,0527,6990283,523083,0.2,50.853,96.1,8.09,19.8,4,6990283,523083,-27.199136,153.233067
6,1500001,Moreton Bay,0527,6990283,523083,0.2,51.76,99.8,8.08,17.89,0,6990283,523083,-27.199136,153.233067
7,1500001,Moreton Bay,0527,6990283,523083,0.2,52.782,101.5,8.18,16.55,0,6990283,523083,-27.199136,153.233067
8,1500001,Moreton Bay,0527,6990283,523083,0.2,52.893,99.9,8.24,17.72,0,6990283,523083,-27.199136,153.233067
9,1500001,Moreton Bay,0527,6990283,523083,0.2,53.199,101.6,8.06,18.53,1,6990283,523083,-27.199136,153.233067
10,1500001,Moreton Bay,0527,6990283,523083,0.2,52.666,103.1,8.07,20.95,0,6990283,523083,-27.199136,153.233067
11,1500001,Moreton Bay,0527,6990283,523083,0.2,53.127,101.6,7.95,24.9,2,6990283,523083,-27.199136,153.233067
12,1500001,Moreton Bay,0527,6990283,523083,0.2,53.304,99.7,8.2,23.84,2,6990283,523083,-27.199136,153.233067
1,1500001,Moreton Bay,0529,6989986,532983,0.2,44.272,113.4,8.29,26.58,1,6989986,532983,-27.201615,153.333033
2,1500001,Moreton Bay,0529,6989986,532983,0.2,47,96.5,8.2,27.1,1,6989986,532983,-27.201615,153.333033
3,1500001,Moreton Bay,0529,6989986,532983,0.2,47.898,96.8,8.26,27.06,0,6989986,532983,-27.201615,153.333033
4,1500001,Moreton Bay,0529,6989986,532983,0.2,50.604,101.1,8.25,23.26,2,6989986,532983,-27.201615,153.333033
5,1500001,Moreton Bay,0529,6989986,532983,0.2,51.819,95.1,8.35,20.4,1,6989986,532983,-27.201615,153.333033
6,1500001,Moreton Bay,0529,6989986,532983,0.2,52.583,92.1,8.33,18.44,1,6989986,532983,-27.201615,153.333033
7,1500001,Moreton Bay,0529,6989986,532983,0.2,53.522,101.5,8.29,17.94,0,6989986,532983,-27.201615,153.333033
8,1500001,Moreton Bay,0529,6989986,532983,0.2,53.382,99.8,8.44,18.52,0,6989986,532983,-27.201615,153.333033
9,1500001,Moreton Bay,0529,6989986,532983,0.2,53.485,99.2,8.21,19.31,0,6989986,532983,-27.201615,153.333033
10,1500001,Moreton Bay,0529,6989986,532983,0.2,52.701,103.9,8.19,20.69,0,6989986,532983,-27.201615,153.333033
11,1500001,Moreton Bay,0529,6989986,532983,0.2,52.925,104.5,8.18,24.35,1,6989986,532983,-27.201615,153.333033
12,1500001,Moreton Bay,0529,6989986,532983,0.2,53.351,114,8.29,23.48,1,6989986,532983,-27.201615,153.333033
1,1500001,Moreton Bay,0900, 6984284,507914,0.2,10.846,125.9,8.25,28.93,33,6984284,507914,-27.253446,153.079946
2,1500001,Moreton Bay,0900,6984284,507914,0.2,36.155,105.4,8.31,26.56,6,6984284,507914,-27.253446,153.079946
3,1500001,Moreton Bay,0900,6984284,507914,0.2,39.056,92.8,8.15,27.91,3,6984284,507914,-27.253446,153.079946
4,1500001,Moreton Bay,0900,6984284,507914,0.2,38.73,122.3,8.2,24.72,7,6984284,507914,-27.253446,153.079946
5,1500001,Moreton Bay,0900,6984284,507914,0.2,45.845,91.1,8.25,17.84,6,6984284,507914,-27.253446,153.079946
6,1500001,Moreton Bay,0900,6984284,507914,0.2,49.851,91.1,8.17,16.31,2,6984284,507914,-27.253446,153.079946
7,1500001,Moreton Bay,0900,6984284,507914,0.2,50.474,93.8,8.31,13.52,1,6984284,507914,-27.253446,153.079946
8,1500001,Moreton Bay,0900,6984284,507914,0.2,51.603,99.3,8.13,18.41,12,6984284,507914,-27.253446,153.079946
9,1500001,Moreton Bay,0900,6984284,507914,0.2,47.122,91.8,7.95,21.88,7,6984284,507914,-27.253446,153.079946
10,1500001,Moreton Bay,0900,6984284,507914,0.2,51.074,91.5,7.94,19.58,5,6984284,507914,-27.253446,153.079946
11,1500001,Moreton Bay,0900,6984284,507914,0.2,52.493,88,7.9,25.05,10.4,6984284,507914,-27.253446,153.079946
12,1500001,Moreton Bay,0900,6984284,507914,0.2,48.18,104.6,7.96,23.92,9.8,6984284,507914,-27.253446,153.079946
1,1500001,Moreton Bay,0905,6975521,514279,0.2,25.021,90.6,7.8,26.99,7,6975521,514279,-27.332477,153.144346
2,1500001,Moreton Bay,0905,6975521,514279,0.2,40.584,97.4,8.2,26.5,12,6975521,514279,-27.332477,153.144346
3,1500001,Moreton Bay,0905,6975521,514279,0.2,23.146,104.8,7.92,26.93,16,6975521,514279,-27.332477,153.144346
4,1500001,Moreton Bay,0905,6975521,514279,0.2,45.741,92.6,8.11,24.69,7,6975521,514279,-27.332477,153.144346
5,1500001,Moreton Bay,0905,6975521,514279,0.2,49.302,95.7,8.19,18.64,9,6975521,514279,-27.332477,153.144346
6,1500001,Moreton Bay,0905,6975521,514279,0.2,52.075,95.7,8.19,16.68,0,6975521,514279,-27.332477,153.144346
7,1500001,Moreton Bay,0905,6975521,514279,0.2,51.703,93.5,8.26,14.48,0,6975521,514279,-27.332477,153.144346
8,1500001,Moreton Bay,0905,6975521,514279,0.2,52.329,100,8.23,18.05,8,6975521,514279,-27.332477,153.144346
9,1500001,Moreton Bay,0905,6975521,514279,0.2,47.879,94.9,8.05,21.46,10,6975521,514279,-27.332477,153.144346
10,1500001,Moreton Bay,0905,6975521,514279,0.2,50.036,96.5,8.03,20.41,14,6975521,514279,-27.332477,153.144346
11,1500001,Moreton Bay,0905,6975521,514279,0.2,51.63,108.8,8.12,25.23,10.1,6975521,514279,-27.332477,153.144346
12,1500001,Moreton Bay,0905,6975521,514279,0.2,51.35,106.4,8.13,23.82,11.3,6975521,514279,-27.332477,153.144346
1,1500001,Moreton Bay,0907,6979950,516594,0.2,16.456,110.8,7.92,27.63,14,6979950,516594,-27.292481,153.167688
2,1500001,Moreton Bay,0907,6979950,516594,0.2,43.68,102.5,8.27,26.74,5,6979950,516594,-27.292481,153.167688
3,1500001,Moreton Bay,0907,6979950,516594,0.2,34.807,131.1,8.42,28.34,6,6979950,516594,-27.292481,153.167688
4,1500001,Moreton Bay,0907,6979950,516594,0.2,46.23,98.3,8.16,24.13,4,6979950,516594,-27.292481,153.167688
5,1500001,Moreton Bay,0907,6979950,516594,0.2,49.606,97.8,8.32,19.17,4,6979950,516594,-27.292481,153.167688
6,1500001,Moreton Bay,0907,6979950,516594,0.2,52.114,97.8,8.29,16.91,0,6979950,516594,-27.292481,153.167688
7,1500001,Moreton Bay,0907,6979950,516594,0.2,52.287,93.3,8.32,15.27,0,6979950,516594,-27.292481,153.167688
8,1500001,Moreton Bay,0907,6979950,516594,0.2,52.893,100.3,8.26,17.49,3,6979950,516594,-27.292481,153.167688
9,1500001,Moreton Bay,0907,6979950,516594,0.2,50.902,105.1,8.13,20.45,4,6979950,516594,-27.292481,153.167688
10,1500001,Moreton Bay,0907,6979950,516594,0.2,51.993,102.7,8.04,19.99,13,6979950,516594,-27.292481,153.167688
11,1500001,Moreton Bay,0907,6979950,516594,0.2,53.166,102.1,8.08,24.86,5.1,6979950,516594,-27.292481,153.167688
12,1500001,Moreton Bay,0907,6979950,516594,0.2,51.94,112.6,8.17,23.76,5.6,6979950,516594,-27.292481,153.167688
1,1500001,Moreton Bay,0916,6982726,508680,0.2,12.303,120.9,8.24,28.86,21,6982726,508680,-27.267502,153.087695
2,1500001,Moreton Bay,0916,6982726,508680,0.2,38.214,105.7,8.35,26.51,7,6982726,508680,-27.267502,153.087695
3,1500001,Moreton Bay,0916,6982726,508680,0.2,36.992,105.8,8.25,28.31,4,6982726,508680,-27.267502,153.087695
4,1500001,Moreton Bay,0916,6982726,508680,0.2,42.062,98.3,8.1,24.27,6,6982726,508680,-27.267502,153.087695
5,1500001,Moreton Bay,0916,6982726,508680,0.2,48.684,96.1,8.21,18.67,8,6982726,508680,-27.267502,153.087695
6,1500001,Moreton Bay,0916,6982726,508680,0.2,50.743,95,8.23,16.56,0,6982726,508680,-27.267502,153.087695
7,1500001,Moreton Bay,0916,6982726,508680,0.2,49.328,93.2,8.23,13.79,1,6982726,508680,-27.267502,153.087695
8,1500001,Moreton Bay,0916,6982726,508680,0.2,50.583,101.4,8.1,18.71,3,6982726,508680,-27.267502,153.087695
9,1500001,Moreton Bay,0916,6982726,508680,0.2,46.79,99,8.04,21.27,3,6982726,508680,-27.267502,153.087695
10,1500001,Moreton Bay,0916,6982726,508680,0.2,51.371,97.9,8.03,19.64,2,6982726,508680,-27.267502,153.087695
11,1500001,Moreton Bay,0916,6982726,508680,0.2,52.332,97.7,8.04,24.86,9.2,6982726,508680,-27.267502,153.087695
12,1500001,Moreton Bay,0916,6982726,508680,0.2,49.78,105.2,8.07,23.08,9.2,6982726,508680,-27.267502,153.087695
1,1500001,Moreton Bay,0919,6979587,510491,0.2,17.759,133.8,8.35,28.64,13,6979587,510491,-27.295817,153.106018
2,1500001,Moreton Bay,0919,6979587,510491,0.2,41.149,111.8,8.39,26.76,5,6979587,510491,-27.295817,153.106018
3,1500001,Moreton Bay,0919,6979587,510491,0.2,37.565,136.7,8.44,29.02,6,6979587,510491,-27.295817,153.106018
4,1500001,Moreton Bay,0919,6979587,510491,0.2,45.273,98.7,8.16,24.37,10,6979587,510491,-27.295817,153.106018
5,1500001,Moreton Bay,0919,6979587,510491,0.2,49.505,100.4,8.24,19.39,6,6979587,510491,-27.295817,153.106018
6,1500001,Moreton Bay,0919,6979587,510491,0.2,52.346,8.3,17.14,0,6979587,510491,-27.295817,153.106018
7,1500001,Moreton Bay,0919,6979587,510491,0.2,52.224,96.5,8.44,15.55,1,6979587,510491,-27.295817,153.106018
8,1500001,Moreton Bay,0919,6979587,510491,0.2,52.563,103,8.22,18.33,2,6979587,510491,-27.295817,153.106018
9,1500001,Moreton Bay,0919,6979587,510491,0.2,50.78,100.1,8.1,20.86,2,6979587,510491,-27.295817,153.106018
10,1500001,Moreton Bay,0919,6979587,510491,0.2,51.508,111.1,8.13,20.56,4,6979587,510491,-27.295817,153.106018
11,1500001,Moreton Bay,0919,6979587,510491,0.2,13.372,110.4,8.16,25.16,8.4,6979587,510491,-27.295817,153.106018
12,1500001,Moreton Bay,0919,6979587,510491,0.2,51.99,109.7,8.18,23.39,5.7,6979587,510491,-27.295817,153.106018
1,1500001,Moreton Bay,0921,6979253,521307,0.2,24.45,113,7.96,27.2,12,6979253,521307,-27.298706,153.215326
2,1500001,Moreton Bay,0921,6979253,521307,0.2,44.55,129,8.32,26.69,1,6979253,521307,-27.298706,153.215326
3,1500001,Moreton Bay,0921,6979253,521307,0.2,36.987,124.8,8.26,29.15,4,6979253,521307,-27.298706,153.215326
4,1500001,Moreton Bay,0921,6979253,521307,0.2,49.142,107.2,8.23,23.22,7,6979253,521307,-27.298706,153.215326
5,1500001,Moreton Bay,0921,6979253,521307,0.2,46.843,101.8,8.32,19.73,2,6979253,521307,-27.298706,153.215326
6,1500001,Moreton Bay,0921,6979253,521307,0.2,50.155,100.7,8.27,17.08,4,6979253,521307,-27.298706,153.215326
7,1500001,Moreton Bay,0921,6979253,521307,0.2,51.601,107.5,8.32,16.17,1,6979253,521307,-27.298706,153.215326
8,1500001,Moreton Bay,0921,6979253,521307,0.2,53.126,103.7,8.45,17.5,2,6979253,521307,-27.298706,153.215326
9,1500001,Moreton Bay,0921,6979253,521307,0.2,50.858,102.1,8.32,18.73,3,6979253,521307,-27.298706,153.215326
10,1500001,Moreton Bay,0921,6979253,521307,0.2,52.588,109.7,8.09,21.34,2,6979253,521307,-27.298706,153.215326
11,1500001,Moreton Bay,0921,6979253,521307,0.2,52.488,103.9,8.11,24.79,1,6979253,521307,-27.298706,153.215326
12,1500001,Moreton Bay,0921,6979253,521307,0.2,53.44,99,8.1,24.08,0.8,6979253,521307,-27.298706,153.215326
1,1500001,Moreton Bay,1101,6994732,508697,0.2,17.41,139.1,8.56,28.03,9,6994732,508697,-27.159151,153.087781
2,1500001,Moreton Bay,1101,6994732,508697,0.2,40.462,96.4,8.14,26.9,13,6994732,508697,-27.159151,153.087781
3,1500001,Moreton Bay,1101,6994732,508697,0.2,43.543,187.4,8.2,28.08,13,6994732,508697,-27.159151,153.087781
4,1500001,Moreton Bay,1101,6994732,508697,0.2,45.224,100.7,8.07,23.78,20,6994732,508697,-27.159151,153.087781
5,1500001,Moreton Bay,1101,6994732,508697,0.2,48.119,107.8,8.13,18.43,3,6994732,508697,-27.159151,153.087781
6,1500001,Moreton Bay,1101,6994732,508697,0.2,47.803,115.3,8.33,17.08,1,6994732,508697,-27.159151,153.087781
7,1500001,Moreton Bay,1101,6994732,508697,0.2,51.058,106.6,8.31,15.36,1,6994732,508697,-27.159151,153.087781
8,1500001,Moreton Bay,1101,6994732,508697,0.2,51.8,100,8.25,17.96,1,6994732,508697,-27.159151,153.087781
9,1500001,Moreton Bay,1101,6994732,508697,0.2,51.135,96.5,8.1,20.33,16,6994732,508697,-27.159151,153.087781
10,1500001,Moreton Bay,1101,6994732,508697,0.2,53.675,99,8.18,20.39,6,6994732,508697,-27.159151,153.087781
11,1500001,Moreton Bay,1101,6994732,508697,0.2,54.18,96.2,8.03,25.44,6.6,6994732,508697,-27.159151,153.087781
12,1500001,Moreton Bay,1101,6994732,508697,0.2,51.874,117.5,8.25,24.8,4,6994732,508697,-27.159151,153.087781
1,1500001,Moreton Bay,1102,6993626,506052,0.2,15.26,134.4,8.68,28.15,11,6993626,506052,-27.169147,153.06109
2,1500001,Moreton Bay,1102,6993626,506052,0.2,40.3,94.6,8.13,27.37,20,6993626,506052,-27.169147,153.06109
3,1500001,Moreton Bay,1102,6993626,506052,0.2,42.463,179.4,8.25,28.27,20,6993626,506052,-27.169147,153.06109
4,1500001,Moreton Bay,1102,6993626,506052,0.2,45.244,99.5,8.05,23.77,18,6993626,506052,-27.169147,153.06109
5,1500001,Moreton Bay,1102,6993626,506052,0.2,47.403,108.4,8.17,18.16,8,6993626,506052,-27.169147,153.06109
6,1500001,Moreton Bay,1102,6993626,506052,0.2,47.829,124.6,8.37,16.69,1,6993626,506052,-27.169147,153.06109
7,1500001,Moreton Bay,1102,6993626,506052,0.2,50.622,106.8,8.3,15.03,1,6993626,506052,-27.169147,153.06109
8,1500001,Moreton Bay,1102,6993626,506052,0.2,51.973,98.9,8.26,18.19,1,6993626,506052,-27.169147,153.06109
9,1500001,Moreton Bay,1102,6993626,506052,0.2,51.314,96.6,8.13,20.5,21,6993626,506052,-27.169147,153.06109
10,1500001,Moreton Bay,1102,6993626,506052,0.2,53.595,99.7,8.18,20.62,5,6993626,506052,-27.169147,153.06109
11,1500001,Moreton Bay,1102,6993626,506052,0.2,54.51,99.4,8.04,26.19,8.6,6993626,506052,-27.169147,153.06109
12,1500001,Moreton Bay,1102,6993626,506052,0.2,50.178,111.1,8.23,25.55,12,6993626,506052,-27.169147,153.06109
1,1500001,Moreton Bay,1107,6997128,505892,0.2,13.729,142.2,8.95,28.93,10,6997128,505892,-27.137543,153.059458
2,1500001,Moreton Bay,1107,6997128,505892,0.2,39.098,98,8.2,27.67,15,6997128,505892,-27.137543,153.059458
3,1500001,Moreton Bay,1107,6997128,505892,0.2,42.493,164.9,8.12,27.6,25,6997128,505892,-27.137543,153.059458
4,1500001,Moreton Bay,1107,6997128,505892,0.2,44.842,101,8.05,23.77,24,6997128,505892,-27.137543,153.059458
5,1500001,Moreton Bay,1107,6997128,505892,0.2,46.404,102.2,8.11,17.59,8,6997128,505892,-27.137543,153.059458
6,1500001,Moreton Bay,1107,6997128,505892,0.2,47.064,120,8.3,16.5,2,6997128,505892,-27.137543,153.059458
7,1500001,Moreton Bay,1107,6997128,505892,0.2,49.785,101.7,8.24,13.96,1,6997128,505892,-27.137543,153.059458
8,1500001,Moreton Bay,1107,6997128,505892,0.2,50.413,102.8,8.27,17.98,0,6997128,505892,-27.137543,153.059458
9,1500001,Moreton Bay,1107,6997128,505892,0.2,50.962,100.4,8.11,20.63,11,6997128,505892,-27.137543,153.059458
10,1500001,Moreton Bay,1107,6997128,505892,0.2,53.103,99.5,8.16,20.71,4,6997128,505892,-27.137543,153.059458
11,1500001,Moreton Bay,1107,6997128,505892,0.2,54.39,100.6,8.07,25.58,5.2,6997128,505892,-27.137543,153.059458
12,1500001,Moreton Bay,1107,6997128,505892,0.2,50.445,113.7,8.25,26.05,5,6997128,505892,-27.137543,153.059458
1,1500001,Moreton Bay,1111,7000449,507713,0.2,12.637,135.7,8.91,28.9,11,7000449,507713,-27.107562,153.077814
2,1500001,Moreton Bay,1111,7000449,507713,0.2,39.709,96.8,8.21,27.73,30,7000449,507713,-27.107562,153.077814
3,1500001,Moreton Bay,1111,7000449,507713,0.2,43.173,167.8,8.12,27.7,13,7000449,507713,-27.107562,153.077814
4,1500001,Moreton Bay,1111,7000449,507713,0.2,42.961,98.1,8.04,23.73,26,7000449,507713,-27.107562,153.077814
5,1500001,Moreton Bay,1111,7000449,507713,0.2,47.824,104.3,8.16,18.18,3,7000449,507713,-27.107562,153.077814
6,1500001,Moreton Bay,1111,7000449,507713,0.2,48.855,121.4,8.35,17.05,0,7000449,507713,-27.107562,153.077814
7,1500001,Moreton Bay,1111,7000449,507713,0.2,50.648,104.4,8.3,14.48,0,7000449,507713,-27.107562,153.077814
8,1500001,Moreton Bay,1111,7000449,507713,0.2,51.633,106.4,8.34,17.89,0,7000449,507713,-27.107562,153.077814
9,1500001,Moreton Bay,1111,7000449,507713,0.2,47.457,96.6,8.09,20.41,6,7000449,507713,-27.107562,153.077814
10,1500001,Moreton Bay,1111,7000449,507713,0.2,53.726,103.9,8.23,20.58,3,7000449,507713,-27.107562,153.077814
11,1500001,Moreton Bay,1111,7000449,507713,0.2,54.26,97.6,8.04,25.38,3.6,7000449,507713,-27.107562,153.077814
12,1500001,Moreton Bay,1111,7000449,507713,0.2,51.993,111.6,8.25,25.18,5,7000449,507713,-27.107562,153.077814
1,1500001,Moreton Bay,1112,6992508,513646,0.2,16.746,125,8.27,27.19,9,6992508,513646,-27.179182,153.137758
2,1500001,Moreton Bay,1112,6992508,513646,0.2,40.342,108.7,8.17,26.99,9,6992508,513646,-27.179182,153.137758
3,1500001,Moreton Bay,1112,6992508,513646,0.2,46.779,109.5,8.13,26.4,4,6992508,513646,-27.179182,153.137758
4,1500001,Moreton Bay,1112,6992508,513646,0.2,45.569,103.1,8.09,23.83,4,6992508,513646,-27.179182,153.137758
5,1500001,Moreton Bay,1112,6992508,513646,0.2,49.597,99.1,7.93,18.57,2,6992508,513646,-27.179182,153.137758
6,1500001,Moreton Bay,1112,6992508,513646,0.2,49.26,102.6,8.2,16.96,1,6992508,513646,-27.179182,153.137758
7,1500001,Moreton Bay,1112,6992508,513646,0.2,51.301,101,8.19,14.92,0,6992508,513646,-27.179182,153.137758
8,1500001,Moreton Bay,1112,6992508,513646,0.2,52.32,101.3,8.35,17.49,0,6992508,513646,-27.179182,153.137758
9,1500001,Moreton Bay,1112,6992508,513646,0.2,51.115,95.7,8.15,19.66,1,6992508,513646,-27.179182,153.137758
10,1500001,Moreton Bay,1112,6992508,513646,0.2,53.618,102.3,8.2,20.22,1,6992508,513646,-27.179182,153.137758
11,1500001,Moreton Bay,1112,6992508,513646,0.2,54.05,96.8,7.99,25.28,2.6,6992508,513646,-27.179182,153.137758
12,1500001,Moreton Bay,1112,6992508,513646,0.2,52.937,102.2,8.24,24.49,2,6992508,513646,-27.179182,153.137758
1,1500001,Moreton Bay,1119,6996567,511993,0.2,19.364,110.4,8.08,27.06,9,6996567,511993,-27.142566,153.121031
2,1500001,Moreton Bay,1119,6996567,511993,0.2,40.94,91.4,8.01,26.81,7,6996567,511993,-27.142566,153.121031
3,1500001,Moreton Bay,1119,6996567,511993,0.2,46.449,127,8.13,26.83,2,6996567,511993,-27.142566,153.121031
4,1500001,Moreton Bay,1119,6996567,511993,0.2,45.459,96.7,8.04,23.8,15,6996567,511993,-27.142566,153.121031
5,1500001,Moreton Bay,1119,6996567,511993,0.2,49.219,101.1,8.02,18.43,4,6996567,511993,-27.142566,153.121031
6,1500001,Moreton Bay,1119,6996567,511993,0.2,49.546,104.2,8.33,17.01,0,6996567,511993,-27.142566,153.121031
7,1500001,Moreton Bay,1119,6996567,511993,0.2,51.629,104.7,8.31,15.37,0,6996567,511993,-27.142566,153.121031
8,1500001,Moreton Bay,1119,6996567,511993,0.2,52.231,101.1,8.31,17.49,0,6996567,511993,-27.142566,153.121031
9,1500001,Moreton Bay,1119,6996567,511993,0.2,51.15,97.4,8.13,19.61,2,6996567,511993,-27.142566,153.121031
10,1500001,Moreton Bay,1119,6996567,511993,0.2,53.702,101.3,8.22,20.23,1,6996567,511993,-27.142566,153.121031
11,1500001,Moreton Bay,1119,6996567,511993,0.2,54.18,96.9,8.06,24.8,2.7,6996567,511993,-27.142566,153.121031
12,1500001,Moreton Bay,1119,6996567,511993,0.2,53.181,103.1,8.25,24.51,4,6996567,511993,-27.142566,153.121031
1,1500001,Moreton Bay,1200,6957232,527762,0.2,43.362,96.6,8.18,26.86,8,6957232,527762,-27.497316,153.281062
2,1500001,Moreton Bay,1200,6957232,527762,0.2,44.538,88.5,8.06,26.69,7,6957232,527762,-27.497316,153.281062
3,1500001,Moreton Bay,1200,6957232,527762,0.2,46.219,92.4,8.15,27.66,6,6957232,527762,-27.497316,153.281062
4,1500001,Moreton Bay,1200,6957232,527762,0.2,49.943,97.5,8.05,23.01,5,6957232,527762,-27.497316,153.281062
5,1500001,Moreton Bay,1200,6957232,527762,0.2,51.243,99.3,8.18,18.88,2,6957232,527762,-27.497316,153.281062
6,1500001,Moreton Bay,1200,6957232,527762,0.2,51.51,100.5,8.17,16.53,1,6957232,527762,-27.497316,153.281062
7,1500001,Moreton Bay,1200,6957232,527762,0.2,52.65,105.5,8.36,15.42,0,6957232,527762,-27.497316,153.281062
8,1500001,Moreton Bay,1200,6957232,527762,0.2,53.804,102,8.35,17.48,4,6957232,527762,-27.497316,153.281062
9,1500001,Moreton Bay,1200,6957232,527762,0.2,54.361,99.1,8.16,18.18,2,6957232,527762,-27.497316,153.281062
10,1500001,Moreton Bay,1200,6957232,527762,0.2,54.33,99.1,8.08,21.67,4.8,6957232,527762,-27.497316,153.281062
11,1500001,Moreton Bay,1200,6957232,527762,0.2,54.59,98,8.06,25.21,4.8,6957232,527762,-27.497316,153.281062
12,1500001,Moreton Bay,1200,6957232,527762,0.2,54.486,96.5,8.31,21.91,4,6957232,527762,-27.497316,153.281062
